wohnquartier;bestand_in_nichtwohngebaeuden;bestand_in_wohngebaeuden_insgesamt;wohnflaeche_je_wohnung;bestand_in_wohngebaeuden_mit_bj_vor_1949;bestand_in_wohngebaeuden_mit_bj_1949_bis_1969;bestand_in_wohngebaeuden_mit_bj_1970_bis_1989;bestand_in_wohngebaeuden_mit_bj_nach_1990;bestand_in_ezfh_insgesamt;bestand_in_ezfh_mit_bj_vor_1949;bestand_in_ezfh_mit_bj_1949_bis_1969;bestand_in_ezfh_mit_bj_1970_bis_1989;bestand_in_ezfh_mit_bj_nach_1990;bestand_in_in_mfh_insgesamt;bestand_in_mfh_mit_bj_vor_1949;bestand_in_mfh_mit_bj_1949_bis_1969;bestand_in_mfh_mit_bj_1970_bis_1989;bestand_in_mfh_mit_bj_nach_1990;durchschnittlicher_bestand_je_wohngebaeude
11001;452;1485;67,06;258;563;401;263;70;31;26;6;7;1415;227;537;395;256;6,6
11002;;;;;;;;;;;;;;;;;;
12001;393;1407;79,42;454;472;342;139;56;37;5;7;7;1351;417;467;335;132;6,6
12002;;;;;;;;;;;;;;;;;;
13001;;;;;;;;;;;;;;;;;;
13002;430;1073;65,44;114;816;50;93;22;3;15;;;1051;111;801;48;91;8,3
13003;274;1678;61,71;92;1365;153;68;9;;7;;;1669;92;1358;151;68;10,1
13004;82;1171;60,21;89;940;115;27;3;;;;;1168;88;940;113;27;10,3
13005;230;1117;58,66;195;751;117;54;5;;;4;;1112;194;751;113;54;11,3
13006;258;1630;56,26;58;1381;144;47;4;;;3;;1626;58;1380;141;47;12,2
13007;131;1127;60,87;99;877;118;33;8;;6;;;1119;99;871;118;31;10,7
14001;;;;;;;;;;;;;;;;;;
14002;149;1154;78,34;340;441;183;190;14;10;;;3;1140;330;440;183;187;9,5
14003;115;1470;65,03;510;739;183;38;7;4;;;;1463;506;738;181;38;9,3
14004;167;1291;68,1;465;644;156;26;11;7;3;;;1280;458;641;155;26;8,8
14005;130;1397;64,59;258;617;491;31;;;;;;1395;256;617;491;31;11
14006;8;856;68,97;345;308;156;47;5;4;;;;851;341;308;156;46;9,1
14007;61;1582;65,88;209;1074;66;233;0;;;;;1582;209;1074;66;233;10,1
14008;54;1122;62,86;141;707;54;220;3;;3;;;1119;141;704;54;220;11,4
14009;68;1157;59,44;139;903;92;23;;;;;;1155;138;902;92;23;11,7
14010;88;1633;79,43;246;869;487;31;33;21;4;;7;1600;225;865;486;24;7,1
14011;52;1204;68,3;245;790;104;65;19;17;;;;1185;228;788;104;65;8,2
14012;45;1342;66,81;264;915;124;39;;;;;;1341;263;915;124;39;10,2
14013;67;1359;65,06;258;972;15;114;;;;;;1358;257;972;15;114;10,7
14014;79;1492;78,72;214;981;267;30;22;12;5;3;;1470;202;976;264;28;7,8
14015;44;1501;62,18;244;1021;135;101;3;;;;;1498;243;1020;135;100;11
14016;91;1800;87,02;10;95;;1694;;;;;;1798;10;95;;1693;13,6
15001;;;;;;;;;;;;;;;;;;
15002;;582;65,22;415;147;16;4;78;70;6;;;504;345;141;14;4;3,8
15003;7;753;71,83;424;255;52;22;157;115;32;7;3;596;309;223;45;19;3
15004;;;;;;;;;;;;;;;;;;
15005;53;1257;76,89;63;235;93;866;33;;;;27;1224;61;233;91;839;10,6
15006;34;1879;59,17;771;958;139;11;7;7;;;;1872;764;958;139;11;8,6
15007;149;1396;64,12;336;651;255;154;;;;;;1394;336;649;255;154;10,5
15008;62;1620;61,32;185;1222;137;76;;;;;;1619;185;1221;137;76;10
15009;99;1542;60,09;418;635;489;0;3;;;;;1539;417;635;487;;12,9
15010;62;925;64,43;114;704;83;24;3;;;;;922;114;702;82;24;9,7
15011;82;989;60,66;138;403;271;177;0;;;;;989;138;403;271;177;12,1
15012;57;1362;61,28;378;579;306;99;0;;;;;1362;378;579;306;99;14,3
15013;;;;;;;;;;;;;;;;;;
16001;;;;;;;;;;;;;;;;;;
16002;52;658;125,06;223;138;53;244;210;80;91;12;27;448;143;47;41;217;2,6
16003;32;1975;77,65;137;977;482;379;98;6;68;;22;1877;131;909;480;357;8,1
16004;;;;;;;;;;;;;;;;;;
16005;114;1635;91,88;953;317;123;242;21;16;4;;;1614;937;313;122;242;9,1
16006;92;1519;83,55;765;483;129;142;39;26;5;;8;1480;739;478;129;134;7,7
16007;4;1350;74,13;810;314;190;36;0;;;;;1350;810;314;190;36;9,5
21001;34;1028;55,85;183;793;52;0;;;;;;1026;183;792;51;;11,6
21002;38;998;62,06;222;443;126;207;17;;;3;12;981;222;441;123;195;9
21003;70;1149;58,79;285;574;202;88;11;;;;10;1138;285;573;202;78;9,5
21004;30;1034;54,03;511;397;84;42;5;4;;;;1029;507;396;84;42;9,9
21005;20;799;60,06;505;265;29;0;4;;;;;795;503;263;29;;8,9
21006;4;433;67,7;122;122;78;111;0;;;;;433;122;122;78;111;12,4
21007;8;216;65,8;149;44;19;4;11;;9;;;205;149;35;17;4;6
22001;114;1369;58,64;230;849;132;158;4;;;;;1365;228;847;132;158;10,5
22002;92;1315;70,46;383;735;126;71;14;6;6;;;1301;377;729;124;71;8,4
22003;107;1248;64,59;331;775;106;36;3;;;;;1245;329;774;106;36;9,6
22004;92;1001;65,56;502;363;98;38;3;;;;;998;500;363;98;37;8,3
22005;45;1058;81,22;608;392;58;0;0;;;;;1058;608;392;58;;10,1
22006;42;1177;60,43;725;254;144;54;3;;;;;1174;724;252;144;54;9,2
22007;25;1500;69,6;724;528;232;16;5;4;;;;1495;720;527;232;16;9,1
22008;11;892;72,59;238;431;84;139;3;;;;;889;238;431;83;137;11,3
22009;36;487;56,93;254;157;71;5;3;3;;;;484;251;157;71;5;9
22010;108;904;97,39;17;21;4;862;61;14;7;4;36;843;3;14;;826;9,6
22011;18;1325;58,7;641;275;74;335;23;5;11;;6;1302;636;264;73;329;7,9
22012;;1240;70,35;233;447;181;379;202;56;45;38;63;1038;177;402;143;316;4
22013;18;508;67,93;70;321;113;4;119;6;82;27;4;389;64;239;86;;3,4
23001;11;554;57;193;290;9;62;;;;;;552;193;290;9;60;8,4
23002;32;1274;74,03;273;874;127;0;;;;;;1272;273;872;127;;11,6
23003;;1613;70,78;538;1045;30;0;;;;;;1612;537;1045;30;;12,2
23004;96;1794;62,55;156;1223;279;136;5;;;;;1789;154;1221;279;135;11,4
23005;8;2357;81,73;484;1428;223;222;48;13;27;4;4;2309;471;1401;219;218;7,9
23006;115;1900;66,76;233;1393;257;17;3;3;;;;1897;230;1393;257;17;9,5
23007;71;1247;76,05;138;839;239;31;17;5;10;;;1230;133;829;238;30;7,4
23008;24;1277;85,43;169;711;372;25;29;9;8;11;;1248;160;703;361;24;7,6
23009;21;1170;100,99;96;901;130;43;96;30;57;4;5;1074;66;844;126;38;5
23010;29;1222;116,97;358;514;305;45;153;72;69;3;9;1069;286;445;302;36;3,8
23011;3;1024;77,36;;35;760;228;30;;;29;;994;;35;731;228;10,7
23012;13;1057;63,3;0;924;0;133;;;;;;1055;;922;;133;11,4
31001;187;973;59,31;131;744;93;5;12;;8;;;961;129;736;92;4;10,1
31002;97;768;64,04;118;623;16;11;6;;4;;;762;116;619;16;11;11,3
31003;63;1067;65,76;253;757;52;5;3;;;;;1064;252;757;52;3;11
31004;35;1155;63,39;372;679;104;0;;;;;;1153;372;677;104;;11,1
31005;128;1493;63,52;180;1049;215;49;3;;;;;1490;180;1048;215;47;10,4
31006;102;1223;61,63;287;754;130;52;10;;;5;;1213;286;752;125;50;10,4
31007;37;865;70,45;272;560;33;0;3;;;;;862;271;558;33;;9,8
31008;56;1123;59,61;326;588;174;35;9;4;3;;;1114;322;585;172;35;8,9
31009;66;873;57,11;153;595;95;30;3;;;;;870;151;595;94;30;10
31010;95;1633;59,02;516;943;75;99;;;;;;1631;514;943;75;99;10,8
32001;32;1354;62,3;368;701;56;229;8;;;6;;1346;367;701;50;228;9,5
32002;47;1120;67,25;403;519;55;143;4;;;;;1116;403;517;55;141;11
32003;156;1607;67,44;474;600;239;294;20;7;;3;10;1587;467;600;236;284;9,1
32004;77;1170;75,85;639;330;180;21;6;3;;3;;1164;636;330;177;21;8,1
32005;180;1398;68,27;201;865;203;129;26;15;7;3;;1372;186;858;200;128;8,2
32006;13;1028;70,2;216;682;121;9;;;;;;1026;216;680;121;9;8,4
32007;85;1185;65,7;380;542;178;85;5;;;;;1180;378;540;177;85;8,7
32008;88;1315;61,3;249;865;36;165;7;3;;;3;1308;246;864;36;162;9,8
32009;236;1829;65,42;309;1218;108;194;14;3;;;9;1815;306;1218;106;185;10,2
33001;;;;;;;;;;;;;;;;;;
33002;;;;;;;;;;;;;;;;;;
34001;;;;;;;;;;;;;;;;;;
34002;44;1389;76,35;261;402;389;337;253;87;73;18;75;1136;174;329;371;262;3,6
34003;3;851;82,23;88;174;241;348;102;29;38;10;25;749;59;136;231;323;4,1
34004;;;;;;;;;;;;;;;;;;
34005;;;;;;;;;;;;;;;;;;
35001;19;1225;73,45;100;191;545;389;126;27;50;17;32;1099;73;141;528;357;5,1
35002;;;;;;;;;;;;;;;;;;
36001;10;907;77;98;259;209;341;57;23;10;22;;850;75;249;187;339;6,2
36002;10;1420;63,2;283;480;250;407;0;;;;;1420;283;480;250;407;10,9
36003;11;1236;66,92;281;539;230;186;23;10;7;3;3;1213;271;532;227;183;8,2
36004;;1496;56,89;833;538;82;43;0;;;;;1496;833;538;82;43;10,2
36005;34;1225;58,92;876;282;61;6;9;;6;;;1216;875;276;61;4;8,2
36006;40;1054;66,45;355;506;124;69;0;;;;;1054;355;506;124;69;8,5
36007;42;1108;68,53;243;436;142;287;0;;;;;1108;243;436;142;287;10,9
36008;49;1233;64,05;563;505;137;28;3;;3;;;1230;563;502;137;28;9,5
36009;28;1651;62,07;480;944;164;63;7;;4;;;1644;480;940;162;62;11,4
36010;;1086;64,11;376;638;42;30;;;;;;1085;376;637;42;30;10,5
36011;;993;71,7;164;445;85;299;73;5;12;;56;920;159;433;85;243;6,4
36012;;1079;51,1;40;399;371;269;;;;;;1077;40;397;371;269;19,3
36013;17;1611;60,33;159;280;590;582;86;11;49;14;12;1525;148;231;576;570;8,6
36014;;;;;;;;;;;;;;;;;;
36015;8;912;88,49;446;320;111;35;335;212;107;6;10;577;234;213;105;25;2,2
36016;5;742;72,29;211;289;90;152;83;26;39;8;10;659;185;250;82;142;3,9
36017;41;1015;74,81;179;536;91;209;146;68;35;5;38;869;111;501;86;171;4
36018;;944;61,89;193;212;11;528;;;;;;942;193;212;11;526;11,8
36019;17;1034;70,16;211;706;72;45;57;27;10;;20;977;184;696;72;25;6,4
36020;19;1281;62,97;244;705;160;172;27;8;14;;3;1254;236;691;158;169;9
36021;;1036;52,48;310;297;111;318;29;7;4;;18;1007;303;293;111;300;10
36022;9;949;75,39;124;89;93;643;113;48;32;17;16;836;76;57;76;627;4,9
37001;23;1345;59,68;123;632;399;191;5;;;;4;1340;123;631;399;187;11,9
37002;36;679;67,06;24;147;52;456;0;;;;;679;24;147;52;456;16,2
37003;62;1196;58,55;375;540;208;73;0;;;;;1196;375;540;208;73;9,6
37004;22;1280;60,55;397;593;176;114;4;;;;;1276;395;592;176;113;9,6
37005;33;1212;60,53;241;849;53;69;0;;;;;1212;241;849;53;69;10,4
37006;7;1270;68,06;492;672;91;15;;;;;;1269;492;672;91;14;11,4
37007;23;1228;61,85;182;803;111;132;53;;;;53;1175;182;803;111;79;7,3
37008;72;1535;61,06;434;887;180;34;13;11;;;;1522;423;886;179;34;8,5
37009;43;1161;59,33;183;899;26;53;0;;;;;1161;183;899;26;53;10,3
37010;84;1077;63,22;285;423;258;111;9;;;;5;1068;283;421;258;106;8,8
37011;34;800;57,49;88;423;162;127;5;;;4;;795;87;423;158;127;11,4
37012;91;1076;59,9;392;365;212;107;0;;;;;1076;392;365;212;107;9,5
37013;41;1087;57,62;449;401;164;73;11;4;7;;;1076;445;394;164;73;9,2
37014;;;;;;;;;;;;;;;;;;
37015;16;828;71,56;174;248;188;218;35;8;4;;22;793;166;244;187;196;7
37016;4;498;88,18;27;277;138;56;266;8;166;60;32;232;19;111;78;24;2
38001;39;1549;76,49;239;432;452;426;131;43;56;10;22;1418;196;376;442;404;4,9
38002;;;;;;;;;;;;;;;;;;
41001;;616;87,44;209;178;170;59;188;117;7;55;9;428;92;171;115;50;2,9
41002;115;1157;80,52;249;327;198;383;79;9;29;23;18;1078;240;298;175;365;6,6
41003;67;918;83,69;221;116;13;568;40;12;;;25;878;209;114;12;543;7,2
41004;64;1630;85,25;612;740;218;60;119;97;8;6;8;1511;515;732;212;52;4,9
41005;65;1498;77,97;562;634;182;120;29;25;;;;1469;537;632;181;119;8
41006;11;861;94,35;246;397;150;68;33;24;4;;5;828;222;393;150;63;6,7
41007;105;1510;95,06;995;236;236;43;172;162;;4;4;1338;833;234;232;39;4,1
41008;35;1365;94,32;839;308;106;112;68;40;;;26;1297;799;308;104;86;5,3
41009;45;1503;110,29;719;497;204;83;148;115;13;5;15;1355;604;484;199;68;4
41010;;;;;;;;;;;;;;;;;;
42001;16;617;81,98;86;66;177;288;206;40;18;9;139;411;46;48;168;149;2,5
42002;55;756;64,02;151;166;192;247;27;17;;;7;729;134;164;191;240;7,8
42003;13;1272;61,53;23;1029;141;79;47;5;40;;;1225;18;989;141;77;6,6
42004;26;375;73,72;109;147;37;82;56;20;18;4;14;319;89;129;33;68;3,9
42005;80;1219;70,63;362;528;161;168;110;63;42;4;;1109;299;486;157;167;4,8
42006;125;987;83,13;243;221;354;169;116;46;26;33;11;871;197;195;321;158;4,1
42007;;;;;;;;;;;;;;;;;;
42008;11;732;83,28;150;90;33;459;30;22;5;3;;702;128;85;30;459;8,1
43001;;;;;;;;;;;;;;;;;;
43002;6;297;106,59;46;65;47;139;152;33;16;20;83;145;13;49;27;56;2
43003;4;944;93,11;138;498;148;160;351;96;146;66;43;593;42;352;82;117;2,4
43004;17;366;74,46;108;128;3;127;49;6;6;;37;317;102;122;3;90;4,4
43005;;2038;64,05;13;1178;467;380;126;;80;17;29;1912;13;1098;450;351;8,1
43006;159;1014;63,85;169;218;422;205;7;4;3;;;1007;165;215;422;205;11,1
44001;;585;134,91;15;131;217;222;290;6;80;87;117;295;9;51;130;105;1,9
44002;11;1393;91,38;46;420;707;220;56;12;6;15;23;1337;34;414;692;197;7,2
44003;11;660;106,08;149;205;176;130;171;50;40;20;61;489;99;165;156;69;2,9
44004;10;708;82,86;105;145;410;48;14;8;;;5;694;97;144;410;43;7,3
44005;;;;;;;;;;;;;;;;;;
51001;;;;;;;;;;;;;;;;;;
51002;;;;;;;;;;;;;;;;;;
51003;13;468;131,61;7;293;117;51;302;7;213;65;17;166;;80;52;34;1,8
51004;30;1389;89,95;568;393;117;311;412;224;132;31;25;977;344;261;86;286;2,8
51005;7;558;112,9;134;204;102;118;452;112;175;71;94;106;22;29;31;24;1,4
51006;;577;70,41;3;538;9;27;55;;49;;4;522;3;489;7;23;4,5
52001;;;;;;;;;;;;;;;;;;
52002;;784;112,34;47;215;189;333;412;23;158;62;169;372;24;57;127;164;1,9
52003;50;1216;96,45;283;445;372;116;535;190;239;95;11;681;93;206;277;105;2,1
52004;;;;;;;;;;;;;;;;;;
53001;;;;;;;;;;;;;;;;;;
53002;19;393;126,1;52;79;180;82;223;34;32;124;33;170;18;47;56;49;1,7
53003;7;775;93,22;140;237;182;216;184;52;53;57;22;591;88;184;125;194;3,2
53004;74;706;76,86;353;106;214;33;175;108;21;32;14;531;245;85;182;19;3,4
53005;43;867;97,88;89;73;458;247;225;21;19;106;79;642;68;54;352;168;2,8
53006;20;1561;91,62;161;529;565;306;409;61;72;116;160;1152;100;457;449;146;3,2
54001;;;;;;;;;;;;;;;;;;
54002;14;876;148,22;77;234;341;224;620;67;194;166;193;256;10;40;175;31;1,5
54003;152;1227;108,94;156;454;283;334;422;87;91;90;154;805;69;363;193;180;2,5
54004;;570;102,34;11;8;32;519;274;;8;3;262;296;10;;29;257;1,9
54005;8;672;101,34;3;112;4;553;324;;29;4;291;348;3;83;;262;1,9
55001;;;;;;;;;;;;;;;;;;
55002;7;1056;121,26;84;282;396;294;571;60;177;163;171;485;24;105;233;123;1,8
55003;10;1179;114,76;59;296;572;252;692;46;149;399;98;487;13;147;173;154;1,7
55004;39;871;92,7;116;313;242;200;371;69;146;112;44;500;47;167;130;156;2,2
55005;;;;;;;;;;;;;;;;;;
55006;;;;;;;;;;;;;;;;;;
56001;13;899;122,51;121;220;387;171;636;94;148;273;121;263;27;72;114;50;1,5
56002;;;;;;;;;;;;;;;;;;
61001;15;298;20,25;3;;3;291;5;;;3;;293;3;;;290;49,7
61002;22;951;98,81;43;147;432;329;598;28;89;252;229;353;15;58;180;100;1,6
61003;;707;81,38;31;104;505;67;55;16;35;4;;652;15;69;501;67;6,5
61004;12;768;62,19;27;487;220;34;292;;260;10;22;476;27;227;210;12;2,8
62001;;;;;;;;;;;;;;;;;;
62002;63;2168;68,54;266;746;601;555;274;72;111;21;70;1894;194;635;580;485;4,8
62003;;765;77,49;30;535;67;133;121;9;41;5;66;644;21;494;62;67;4
62004;;375;99,52;52;230;55;38;348;52;215;52;29;27;;15;3;9;1,3
62005;5;820;108,17;195;293;190;142;691;176;256;139;120;129;19;37;51;22;1,4
62006;26;1044;97,21;644;182;89;129;665;516;81;17;51;379;128;101;72;78;1,6
62007;3;1099;82,8;264;350;152;333;336;150;73;31;82;763;114;277;121;251;2,7
62008;55;2020;66,48;416;1225;88;291;148;48;49;11;40;1872;368;1176;77;251;5
62009;45;1185;70,8;262;529;245;149;127;64;40;14;9;1058;198;489;231;140;4,7
62010;66;1879;80,01;509;521;443;406;398;196;114;53;35;1481;313;407;390;371;3,5
63001;;629;76,55;247;327;37;18;323;200;110;11;;306;47;217;26;16;1,9
63002;;472;79,15;4;151;223;94;31;4;12;15;;441;;139;208;94;6,1
63003;63;721;66,89;236;432;40;13;23;16;;;3;698;220;430;38;10;6,9
63004;27;1372;61,49;305;951;18;98;43;8;;;34;1329;297;950;18;64;6,8
63005;36;683;65,67;119;429;60;75;98;4;67;11;16;585;115;362;49;59;4,9
63006;90;932;70,15;182;545;74;131;133;;62;9;62;799;182;483;65;69;4,2
63007;;549;88,59;48;190;199;112;217;40;55;82;40;332;8;135;117;72;2,3
63008;;621;90,39;52;319;196;54;129;19;75;22;13;492;33;244;174;41;3,3
63009;51;1109;72,26;210;562;166;171;42;11;21;5;5;1067;199;541;161;166;6,6
63010;13;939;66,64;195;443;181;120;65;26;38;;;874;169;405;180;120;5,5
63011;;679;75,81;72;487;112;8;15;7;7;;;664;65;480;111;8;7,7
63012;;;;;;;;;;;;;;;;;;
63013;9;920;60,77;213;496;22;189;0;;;;;920;213;496;22;189;8,7
63014;6;180;64,42;120;27;15;18;4;;3;;;176;119;24;15;18;5,8
64001;;;;;;;;;;;;;;;;;;
64002;239;1182;61,95;549;383;105;145;87;36;34;8;9;1095;513;349;97;136;4,9
64003;;399;67,78;63;33;6;297;0;;;;;399;63;33;6;297;7,4
64004;14;1582;68,56;321;661;292;308;128;38;85;;3;1454;283;576;290;305;5,5
64005;;1162;60,92;66;896;90;110;23;5;11;;6;1139;61;885;89;104;8,3
64006;8;1576;84,06;35;1032;413;96;97;10;64;10;13;1479;25;968;403;83;5,3
64007;5;1310;110,07;103;460;230;517;370;21;68;22;259;940;82;392;208;258;2,7
64008;;1162;76,9;57;371;650;84;14;;6;;8;1148;57;365;650;76;12,4
71001;5;849;97,32;193;209;298;149;628;166;180;145;137;221;27;29;153;12;1,5
71002;12;1266;77,51;29;227;954;56;15;;5;6;3;1251;28;222;948;53;9,2
71003;80;2046;93,55;1066;453;325;202;335;222;84;7;22;1711;844;369;318;180;3,5
71004;15;1057;83,45;157;131;173;596;217;69;11;3;134;840;88;120;170;462;3,6
71005;83;1331;82,79;845;318;77;91;427;207;159;28;33;904;638;159;49;58;2,6
71006;14;658;99,69;234;156;102;166;460;171;109;61;119;198;63;47;41;47;1,5
71007;91;417;77,59;44;97;74;202;68;4;7;;57;349;40;90;74;145;3,8
71008;14;977;70,64;330;203;314;130;166;121;25;4;16;811;209;178;310;114;3,7
71009;83;1190;69,57;558;239;164;229;104;65;16;;22;1086;493;223;163;207;5,1
71010;24;1096;72,6;142;255;520;179;92;17;8;54;13;1004;125;247;466;166;5,1
71011;49;1076;71,02;422;406;173;75;149;43;88;15;3;927;379;318;158;72;4,3
71012;49;379;76,23;73;107;87;112;51;16;10;6;19;328;57;97;81;93;4,1
71013;;;;;;;;;;;;;;;;;;
71014;;;;;;;;;;;;;;;;;;
71015;67;1373;67,71;687;429;167;90;153;122;15;3;13;1220;565;414;164;77;4,6
71016;7;1223;78,12;299;463;395;66;328;74;117;103;34;895;225;346;292;32;3,2
72001;14;893;94,14;299;359;200;35;78;41;28;6;3;815;258;331;194;32;3,8
72002;37;1412;79,27;398;552;441;21;43;27;7;7;;1369;371;545;434;19;6,2
72003;17;1090;80,71;294;284;391;121;84;48;12;;22;1006;246;272;389;99;4,7
73001;28;800;92,97;129;195;356;120;91;34;31;13;13;709;95;164;343;107;5,2
73002;;731;76,13;0;9;36;686;12;;;;12;719;;9;36;674;15,2
73003;;1016;92,38;22;241;689;64;343;19;177;83;64;673;3;64;606;;2,5
73004;;442;115,79;89;102;174;77;132;54;49;15;14;310;35;53;159;63;2,7
73005;4;858;100,88;63;400;126;269;302;21;109;52;120;556;42;291;74;149;2,5
74001;;224;109,01;15;105;103;;201;8;96;96;;23;7;9;7;;1,2
74002;25;554;147,43;113;151;184;106;352;59;95;122;76;202;54;56;62;30;1,7
75001;;961;86,01;7;379;472;103;194;4;48;138;4;767;3;331;334;99;3,4
81001;63;709;61,01;510;127;48;24;81;43;27;9;;628;467;100;39;22;4,5
81002;11;922;76,92;156;510;190;66;261;59;158;19;25;661;97;352;171;41;2,7
81003;19;741;66,72;79;493;155;14;85;14;44;21;6;656;65;449;134;8;4,8
81004;28;1865;61,63;442;777;151;495;36;31;3;;;1829;411;774;150;494;7,6
81005;52;1176;62,28;491;460;203;22;;;;;;1175;490;460;203;22;8,4
82001;22;1710;65,2;490;826;223;171;105;88;17;;;1605;402;809;223;171;5,5
82002;14;752;72,78;315;223;160;54;182;148;20;;14;570;167;203;160;40;3,5
82003;;786;67,73;0;58;728;0;37;;36;;;749;;22;727;;7,3
82004;15;904;88,13;69;527;236;72;529;48;399;46;36;375;21;128;190;36;2,1
82005;7;444;88,73;100;157;149;38;207;71;74;24;38;237;29;83;125;;2,2
82006;20;769;86,51;104;417;205;43;395;79;225;68;23;374;25;192;137;20;2,1
82007;;;;;;;;;;;;;;;;;;
82008;;;;;;;;;;;;;;;;;;
82009;8;1462;71,19;252;826;202;182;169;36;109;19;5;1293;216;717;183;177;4,5
82010;78;1099;67,32;296;442;267;94;18;9;9;;;1081;287;433;267;94;8
82011;20;1359;62,8;183;845;179;152;11;3;6;;;1348;180;839;179;150;8,3
82012;35;895;71,95;94;563;69;169;55;6;15;28;6;840;88;548;41;163;6
82013;105;1617;66,15;574;591;207;245;48;11;7;3;27;1569;563;584;204;218;6,7
82014;84;1622;66,71;561;737;246;78;73;37;17;;17;1549;524;720;244;61;5,6
82015;8;829;71,8;77;311;359;82;36;23;4;9;;793;54;307;350;82;6,1
82016;22;568;61,19;7;533;27;;29;3;23;;;539;4;510;25;;8,5
82017;8;882;80,13;75;211;490;106;177;24;87;34;32;705;51;124;456;74;3,5
83001;33;1222;92,69;476;311;257;178;912;425;159;172;156;310;51;152;85;22;1,6
83002;35;937;95,16;155;321;234;227;504;117;142;140;105;433;38;179;94;122;1,9
83003;30;1259;72,46;142;656;426;35;228;109;103;10;6;1031;33;553;416;29;4,3
83004;11;851;78,04;31;461;132;227;154;12;12;14;116;697;19;449;118;111;3,5
83005;17;1003;93,55;415;288;229;71;616;324;176;76;40;387;91;112;153;31;1,8
83006;;;;;;;;;;;;;;;;;;
84001;28;919;110,44;59;362;327;171;497;37;227;160;73;422;22;135;167;98;1,9
84002;111;1782;87,73;90;704;780;208;385;53;181;118;33;1397;37;523;662;175;3,3
84003;54;1380;88,91;101;464;635;180;297;58;127;81;31;1083;43;337;554;149;3,3
84004;;;;;;;;;;;;;;;;;;
91001;19;1054;69,36;89;247;670;48;131;36;20;73;;923;53;227;597;46;4,9
91002;10;1119;76,74;440;305;257;117;320;217;44;14;45;799;223;261;243;72;2,8
91003;55;1751;87,91;158;690;270;633;878;125;357;104;292;873;33;333;166;341;2,1
91004;92;1912;66,38;592;972;210;138;41;32;;5;;1871;560;970;205;136;6,5
91005;;1156;75,17;4;37;905;210;256;4;13;188;51;900;;24;717;159;3,5
91006;28;1096;93,72;149;363;182;402;492;98;105;60;229;604;51;258;122;173;2,1
91007;34;1068;66,2;176;627;231;34;69;6;59;;;999;170;568;229;32;5,7
91008;;1276;74,86;191;642;298;145;385;128;160;18;79;891;63;482;280;66;2,9
91009;30;1488;71,67;99;911;162;316;204;28;111;3;62;1284;71;800;159;254;4,6
91010;26;1417;66,39;207;499;366;345;37;4;;12;20;1380;203;498;354;325;6,5
91011;18;873;64,56;108;327;124;314;20;;13;4;;853;106;314;120;313;8,3
92001;14;940;109,3;113;184;265;378;340;76;47;40;177;600;37;137;225;201;2,3
92002;;;;;;;;;;;;;;;;;;
93001;12;901;81,44;30;735;66;70;295;14;233;21;27;606;16;502;45;43;2,9
93002;77;961;80,62;85;442;223;211;147;5;32;6;104;814;80;410;217;107;4,1
93003;9;1297;64,11;22;1051;58;166;17;;6;;9;1280;20;1045;58;157;8,9
93004;;1245;56,45;207;985;27;26;20;16;;;;1225;191;983;26;25;7,5
93005;;363;67,66;0;64;299;0;0;;;;;363;;64;299;;13,4
93006;105;1351;64,49;480;609;159;103;88;61;10;;16;1263;419;599;158;87;5,6
93007;;;;;;;;;;;;;;;;;;
93008;12;183;75,79;146;12;15;10;33;25;4;;;150;121;8;13;8;3,3
93009;;;;;;;;;;;;;;;;;;
94001;43;176;67,42;69;99;;6;12;3;;;6;164;66;98;;;5,9
94002;;;;;;;;;;;;;;;;;;
94003;45;1577;71,17;486;725;252;114;347;141;19;161;26;1230;345;706;91;88;3,3
95001;;;;;;;;;;;;;;;;;;
95002;52;1313;70,81;475;317;175;346;74;52;14;3;5;1239;423;303;172;341;6
95003;10;1304;82,56;488;695;63;58;226;186;32;5;3;1078;302;663;58;55;3,5
95004;273;1560;71,76;308;553;318;381;78;46;15;8;9;1482;262;538;310;372;6
95005;5;1343;68,21;535;443;287;78;309;120;32;129;28;1034;415;411;158;50;3,1
95006;;;;;;;;;;;;;;;;;;
95007;;;;;;;;;;;;;;;;;;
95008;21;690;106,62;129;183;261;117;135;45;30;37;23;555;84;153;224;94;3,5
95009;19;911;110,75;258;483;82;88;485;157;277;19;32;426;101;206;63;56;1,8
95010;29;762;70,25;185;348;134;95;67;30;3;4;30;695;155;345;130;65;4,7
95011;;915;72,22;111;67;537;200;104;49;10;32;13;811;62;57;505;187;5,1
96001;3;693;111,54;35;22;395;241;334;16;12;225;81;359;19;10;170;160;2
96002;;272;68,22;0;0;272;0;18;;;18;;254;;;254;;5,6
96003;42;1038;88,78;287;258;313;180;265;111;76;28;50;773;176;182;285;130;2,8
96004;29;1125;79,74;198;423;378;126;192;110;56;10;16;933;88;367;368;110;3,4
96005;4;826;108,26;122;362;209;133;628;113;285;137;93;198;9;77;72;40;1,5
96006;13;1411;75,41;58;231;989;133;126;3;12;109;;1285;55;219;880;131;6,2
96007;;;;;;;;;;;;;;;;;;
97001;;1198;92,51;110;214;362;512;412;42;101;75;194;786;68;113;287;318;2,6
97002;;;;;;;;;;;;;;;;;;
98001;;417;73,18;50;130;120;117;101;24;16;45;16;316;26;114;75;101;3,3
98002;;824;67,59;0;0;788;36;;;;;;823;;;788;35;15,3
98003;;660;66,2;0;0;660;0;0;;;;;660;;;660;;23,6
98004;3;1070;69,76;45;230;564;231;6;;4;;;1064;43;226;564;231;9,3
98005;;862;68,78;0;11;695;156;14;;4;10;;848;;7;685;156;10,8
98006;55;1196;74,39;139;396;303;358;146;29;16;83;18;1050;110;380;220;340;4,1
98007;;1391;74,48;64;483;767;77;219;26;160;10;23;1172;38;323;757;54;4,3
98008;13;799;58,89;104;475;59;161;18;10;6;;;781;94;469;58;160;5,1
98009;16;1323;81,86;289;456;164;414;378;178;79;39;82;945;111;377;125;332;2,8
98010;;;;;;;;;;;;;;;;;;
101001;;195;71,18;0;149;0;46;140;;94;;46;55;;55;;;1,3
101002;;699;72,61;7;660;32;0;154;7;139;8;;545;;521;24;;3,9
101003;;777;75,75;3;481;89;204;122;3;97;3;19;655;;384;86;185;4,2
101004;18;1368;73,44;44;1065;93;166;193;;185;;4;1175;42;880;91;162;4,5
101005;3;942;71,65;8;793;88;53;74;;46;26;;868;6;747;62;53;6,6
101006;;1005;67,49;0;721;266;18;31;;28;3;;974;;693;263;18;11,2
101007;;;;;;;;;;;;;;;;;;
101008;18;809;77,81;24;692;87;6;72;6;64;;;737;18;628;85;6;5,5
101009;33;913;65,49;0;232;621;60;7;;;7;;906;;232;614;60;13,2
101010;4;932;66,61;4;905;23;0;;;;;;930;4;903;23;;13,7
101011;;974;80,21;4;962;8;0;273;4;261;8;;701;;701;;;3
101012;;164;114,99;19;12;38;95;135;12;8;38;77;29;7;4;;18;1,3
101013;;;;;;;;;;;;;;;;;;
101014;;;;;;;;;;;;;;;;;;
102001;;476;106,01;3;;467;5;277;3;;268;5;199;;;199;;1,8
102002;;1081;94,47;21;15;271;774;490;6;3;199;282;591;15;12;72;492;2,2
102003;4;1081;103,1;8;;965;106;671;5;;588;76;410;3;;377;30;1,6
102004;4;6;97,33;0;0;3;3;3;;;;3;3;;;3;;1,5
